{"cameraMode":{"drawMode":0,"name":"Shaded","section":"Shading Mode"},"sceneLighting":false,"audioPlay":false,"sceneViewState":{"showFog":false,"showMaterialUpdate":false,"showSkybox":false,"showFlares":false,"showImageEffects":false,"showParticleSystems":false},"in2DMode":false,"pivot":{"x":-1.6793550252914429,"y":7.504958152770996,"z":2.2936666011810304},"rotation":{"x":-0.05866321548819542,"y":0.8455337882041931,"z":-0.09501476585865021,"w":-0.5221330523490906},"size":5.1324052810668949,"orthographic":false}