{"cameraMode":{"drawMode":0,"name":"Shaded","section":"Shading Mode"},"sceneLighting":false,"audioPlay":false,"sceneViewState":{"showFog":false,"showMaterialUpdate":false,"showSkybox":false,"showFlares":false,"showImageEffects":false,"showParticleSystems":false},"in2DMode":false,"pivot":{"x":0.932172954082489,"y":7.373732089996338,"z":-0.17714866995811463},"rotation":{"x":0.001946801319718361,"y":-0.9895715713500977,"z":0.1434914618730545,"w":0.013369275256991387},"size":13.286823272705079,"orthographic":false}