{"cameraMode":{"drawMode":0,"name":"Shaded","section":"Shading Mode"},"sceneLighting":false,"audioPlay":false,"sceneViewState":{"showFog":false,"showMaterialUpdate":false,"showSkybox":false,"showFlares":false,"showImageEffects":false,"showParticleSystems":true},"in2DMode":false,"pivot":{"x":-0.10676264762878418,"y":8.881000518798829,"z":-3.0928313732147219},"rotation":{"x":-0.004248721990734339,"y":0.8074791431427002,"z":-0.5898572206497192,"w":-0.005816806573420763},"size":8.819924354553223,"orthographic":false}