{"cameraMode":{"drawMode":0,"name":"Shaded","section":"Shading Mode"},"sceneLighting":true,"audioPlay":false,"sceneViewState":{"showFog":false,"showMaterialUpdate":false,"showSkybox":false,"showFlares":false,"showImageEffects":false,"showParticleSystems":false},"in2DMode":false,"pivot":{"x":3.7185959815979006,"y":8.324864387512207,"z":7.382648468017578},"rotation":{"x":0.037950702011585239,"y":-0.9399631023406982,"z":0.3203849494457245,"w":0.11133449524641037},"size":10.871344566345215,"orthographic":false}