{"cameraMode":{"drawMode":0,"name":"Shaded","section":"Shading Mode"},"sceneLighting":false,"audioPlay":false,"sceneViewState":{"showFog":false,"showMaterialUpdate":false,"showSkybox":false,"showFlares":false,"showImageEffects":false,"showParticleSystems":true},"in2DMode":false,"pivot":{"x":1.4901161193847657e-8,"y":10.0,"z":5.230000019073486},"rotation":{"x":-0.023108523339033128,"y":-0.9460722804069519,"z":0.3146674633026123,"w":-0.0734693855047226},"size":0.5715773105621338,"orthographic":false}