{"cameraMode":{"drawMode":0,"name":"Shaded","section":"Shading Mode"},"sceneLighting":true,"audioPlay":false,"sceneViewState":{"showFog":false,"showMaterialUpdate":false,"showSkybox":false,"showFlares":false,"showImageEffects":false,"showParticleSystems":false},"in2DMode":false,"pivot":{"x":-1.8260449171066285,"y":2.5758142471313478,"z":-1.6002817153930665},"rotation":{"x":-0.27532848715782168,"y":-0.3678912818431854,"z":0.11501617729663849,"w":-0.8807040452957153},"size":11.545727729797364,"orthographic":false}